Páginas principales,Clics,Impresiones,CTR,Posición
https://legalhelp.cl/p/carta-prescripcion-deuda-general-quilicura,3,6,50%,3.5
http://legalhelp.cl/,2,12,16.67%,1.58
https://legalhelp.cl/p/prescripcion-de-multas-de-transito-rancagua,2,7,28.57%,4
https://legalhelp.cl/p/denuncia-ruidos-molestos-vecinos-san-bernardo,2,7,28.57%,7.71
https://legalhelp.cl/p/declaracion-jurada-ingresos-quilicura,2,4,50%,6.75
https://legalhelp.cl/p/prescripcion-deuda-tag-santiago,1,64,1.56%,15.73
https://legalhelp.cl/,1,37,2.7%,2.73
https://legalhelp.cl/p/prescripcion-de-deuda-tag,1,14,7.14%,48.43
https://legalhelp.cl/p/prescripcion-deuda-tag-quilicura,1,9,11.11%,20.67
https://legalhelp.cl/p/prescripcion-deuda-tag-quinta-normal,1,6,16.67%,22.17
https://legalhelp.cl/p/prescripcion-deuda-tag-lampa,1,6,16.67%,70
https://legalhelp.cl/p/denuncia-ruidos-molestos-vecinos-quilpue,1,5,20%,8
https://legalhelp.cl/p/denuncia-ruidos-molestos-vecinos-quilicura,1,4,25%,5.75
https://legalhelp.cl/p/prescripcion-de-multas-de-transito-coquimbo,1,4,25%,10.25
https://legalhelp.cl/p/demanda-alimentos-maipu,1,4,25%,14.75
https://legalhelp.cl/p/prescripcion-deuda-tag-quilpue,1,4,25%,66.25
https://legalhelp.cl/p/carta-reclamo-telecomunicaciones-colina,1,3,33.33%,7
https://legalhelp.cl/p/acuerdo-tuicion-compartida,1,3,33.33%,28
https://legalhelp.cl/p/recurso-apelacion-juzgado-policia-local-los-angeles,1,3,33.33%,29.33
https://legalhelp.cl/p/escrito-prescripcion-multa-transito-maipu,1,2,50%,4
https://legalhelp.cl/p/declaracion-jurada-ingresos-cerro-navia,1,2,50%,5
https://legalhelp.cl/p/denuncia-ruidos-molestos-vecinos-penalolen,1,2,50%,9.5
https://legalhelp.cl/p/escrito-prescripcion-multa-transito-san-miguel,1,2,50%,9.5
https://legalhelp.cl/p/denuncia-no-pago-cotizaciones-puente-alto,1,2,50%,10.5
https://legalhelp.cl/p/carta-reclamo-aerolinea-antofagasta,1,2,50%,11
https://legalhelp.cl/p/prescripcion-deuda-tag-pudahuel,1,2,50%,49.5
https://legalhelp.cl/p/recurso-apelacion-juzgado-policia-local-talcahuano,1,1,100%,3
https://legalhelp.cl/p/denuncia-maltrato-animal-quinta-normal,1,1,100%,6
https://legalhelp.cl/p/escrito-defensa-infraccion-transito-quilpue,1,1,100%,7
https://legalhelp.cl/p/alzamiento-de-embargo-sobre-vehiculo-santiago-centro,1,1,100%,11
https://legalhelp.cl/p/prescripcion-deuda-tag-iquique,1,1,100%,121
https://legalhelp.cl/p/certificado-de-antecedentes-para-fines-especiales-providencia,0,31,0%,36.58
https://legalhelp.cl/p/servicios-legales,0,30,0%,32.33
https://legalhelp.cl/p/poder-simple-santiago,0,25,0%,60
https://legalhelp.cl/p/poder-simple-providencia,0,23,0%,53.7
https://legalhelp.cl/p/certificado-de-antecedentes-para-fines-especiales-chillan,0,22,0%,49.27
https://legalhelp.cl/p/constitucion-spa,0,22,0%,77.55
https://legalhelp.cl/p/prescripcion-deuda-bancaria-santiago,0,21,0%,11.67
https://legalhelp.cl/p/prescripcion-deuda-bancaria-recoleta,0,21,0%,19.48
https://legalhelp.cl/p/poder-simple,0,21,0%,65.62
https://legalhelp.cl/p/crear-escrito-legal,0,19,0%,34.47
https://legalhelp.cl/p/poder-simple-concepcion,0,19,0%,59.58
https://legalhelp.cl/p/prescripcion-deuda-tesoreria,0,18,0%,65.94
https://legalhelp.cl/p/ley-karin,0,18,0%,80.78
https://legalhelp.cl/p/recurso-proteccion-santiago,0,16,0%,5.44
https://legalhelp.cl/p/prescripcion-de-multas-de-transito-san-bernardo,0,16,0%,8.19
https://legalhelp.cl/p/certificado-de-antecedentes-para-fines-especiales-vina-del-mar,0,16,0%,50.62
https://legalhelp.cl/p/prescripcion-deuda-tag-vitacura,0,15,0%,47.53
https://legalhelp.cl/p/registro-nacional-de-deudores-de-pensiones-de-alimentos-santiago-centro,0,15,0%,79.13
https://legalhelp.cl/p/recurso-proteccion-valparaiso,0,14,0%,7.5
https://legalhelp.cl/p/certificado-de-antecedentes-para-fines-especiales-las-condes,0,13,0%,54.15
https://legalhelp.cl/p/certificado-de-antecedentes-para-fines-especiales-temuco,0,13,0%,59.77
https://legalhelp.cl/p/prescripcion-de-multas-de-transito-maipu,0,12,0%,5.33
https://legalhelp.cl/p/poder-simple-las-condes,0,12,0%,64.25
https://legalhelp.cl/p/recurso-proteccion-concepcion,0,11,0%,6.91
https://legalhelp.cl/p/denuncia-ruidos-molestos-vecinos-antofagasta,0,11,0%,9.18
https://legalhelp.cl/p/recurso-de-proteccion,0,11,0%,9.55
https://legalhelp.cl/p/certificado-de-antecedentes-para-fines-especiales-valparaiso,0,11,0%,53.09
https://legalhelp.cl/p/posecion-efectiva,0,11,0%,88.55
https://legalhelp.cl/p/escrito-prescripcion-multa-transito-pudahuel,0,10,0%,8.5
https://legalhelp.cl/p/certificado-de-antecedentes-para-fines-especiales-punta-arenas,0,10,0%,43.2
https://legalhelp.cl/p/denuncia-ruidos-molestos-vecinos-vina-del-mar,0,9,0%,8.89
https://legalhelp.cl/p/prescripcion-deuda-tag-penalolen,0,9,0%,43.56
https://legalhelp.cl/p/poder-notarial-rancagua,0,9,0%,52.44
https://legalhelp.cl/p/poder-notarial-nunoa,0,9,0%,66.11
https://legalhelp.cl/p/denuncia-estafa-online,0,9,0%,72.67
https://legalhelp.cl/p/prescripcion-deuda-tag-las-condes,0,9,0%,79.22
https://legalhelp.cl/p/promesa-compraventa-inmueble,0,9,0%,84.44
https://legalhelp.cl/p/escrito-prescripcion-multa-transito-estacion-central,0,8,0%,8.88
https://legalhelp.cl/p/prescripcion-de-multas-de-transito-providencia,0,8,0%,9.12
https://legalhelp.cl/p/carta-renuncia-laboral-talca,0,8,0%,18.5
https://legalhelp.cl/p/certificado-de-antecedentes-para-fines-especiales-antofagasta,0,8,0%,19.38
https://legalhelp.cl/p/certificado-de-antecedentes-para-fines-especiales,0,8,0%,23.75
https://legalhelp.cl/p/prescripcion-de-multas-de-transito-santiago,0,8,0%,25.5
https://legalhelp.cl/p/prescripcion-deuda-tag-recoleta,0,8,0%,28.25
https://legalhelp.cl/p/cambio-apellido,0,8,0%,36.12
https://legalhelp.cl/p/contrato-mutuo,0,8,0%,48.12
https://www.legalhelp.cl/,0,7,0%,2.57
https://legalhelp.cl/p/recurso-proteccion-providencia,0,7,0%,4
https://legalhelp.cl/p/denuncia-ruidos-molestos-vecinos-la-florida,0,7,0%,8.86
https://legalhelp.cl/p/denuncia-ruidos-molestos-vecinos-maipu,0,7,0%,10.29
https://legalhelp.cl/p/denuncia-ruidos-molestos-vecinos-las-condes,0,7,0%,10.43
https://legalhelp.cl/p/prescripcion-deuda-cae,0,7,0%,26.14
https://legalhelp.cl/p/certificado-de-antecedentes-para-fines-especiales-nunoa,0,7,0%,56.14
https://legalhelp.cl/p/demanda-alimentos-providencia,0,6,0%,4.83
https://legalhelp.cl/p/denuncia-ruidos-molestos-vecinos-temuco,0,6,0%,5.83
https://legalhelp.cl/p/contrato-subarriendo,0,6,0%,8.17
https://legalhelp.cl/p/escrito-prescripcion-multa-transito-las-condes,0,6,0%,9.5
https://legalhelp.cl/p/carta-reclamo-sernac-maipu,0,6,0%,11.5
https://legalhelp.cl/p/carta-amonestacion-laboral,0,6,0%,20
https://legalhelp.cl/p/certificado-de-antecedentes-para-fines-especiales-arica,0,6,0%,21.5
https://legalhelp.cl/p/anexo-contrato-trabajo-sueldo,0,6,0%,25.5
https://legalhelp.cl/p/poder-simple-temuco,0,6,0%,46.83
https://legalhelp.cl/p/denuncia-despido-injustificado,0,6,0%,66.33
https://legalhelp.cl/p/acuerdo-divorcio-mutuo-acuerdo,0,6,0%,72
https://legalhelp.cl/p/carta-despido-mutuo-acuerdo,0,6,0%,76.67
https://legalhelp.cl/p/contrato-freelance,0,5,0%,1.8
https://legalhelp.cl/p/prescripcion-de-multas-de-transito-valdivia,0,5,0%,7.2
https://legalhelp.cl/p/prescripcion-de-multas-de-transito-la-serena,0,5,0%,7.8
https://legalhelp.cl/p/eliminacion-de-antecedentes-penales-arica,0,5,0%,8
https://legalhelp.cl/p/recurso-proteccion,0,5,0%,8
https://legalhelp.cl/p/demanda-desalojo-providencia,0,5,0%,8.2
https://legalhelp.cl/p/pagare,0,5,0%,8.2
https://legalhelp.cl/p/prescripcion-de-multas-de-transito-arica,0,5,0%,8.2
https://legalhelp.cl/p/carta-renuncia-laboral-calama,0,5,0%,10
https://legalhelp.cl/p/prescripcion-de-multas-de-transito-temuco,0,5,0%,11.2
https://legalhelp.cl/p/poder-notarial-valdivia,0,5,0%,19.4
https://legalhelp.cl/p/denuncia-estafa,0,5,0%,20.6
https://legalhelp.cl/p/demanda-desalojo-santiago,0,5,0%,32
https://legalhelp.cl/p/certificado-de-antecedentes-para-fines-especiales-los-angeles,0,5,0%,33.4
https://legalhelp.cl/p/eliminacion-de-antecedentes-penales,0,5,0%,43.6
https://legalhelp.cl/p/poder-notarial-maipu,0,5,0%,47
https://legalhelp.cl/p/certificado-de-antecedentes-para-fines-especiales-coquimbo,0,5,0%,54.2
https://legalhelp.cl/p/prescripcion-deuda-tag-temuco,0,5,0%,59.4
https://legalhelp.cl/p/carta-renuncia-laboral,0,5,0%,64.4
https://legalhelp.cl/p/posesion-efectiva,0,5,0%,70.6
https://legalhelp.cl/p/prescripcion-deuda-tag-copiapo,0,5,0%,78.4
https://legalhelp.cl/p/contrato-prestacion-servicios-honorarios,0,5,0%,80
https://legalhelp.cl/p/poder-para-vender-vehiculo,0,5,0%,86
https://legalhelp.cl/p/contrato-trabajo-plazo-fijo,0,5,0%,87
https://legalhelp.cl/p/poder-notarial-providencia,0,5,0%,87.8
https://legalhelp.cl/p/como-hacer-una-demanda,0,4,0%,2.75
https://legalhelp.cl/p/contrato-freelance-santiago-centro,0,4,0%,5
https://legalhelp.cl/p/poder-notarial-punta-arenas,0,4,0%,6
https://legalhelp.cl/p/carta-renuncia-laboral-puerto-montt,0,4,0%,6.5
https://legalhelp.cl/p/denuncia-ruidos-molestos-vecinos-quinta-normal,0,4,0%,7.25
https://legalhelp.cl/p/demanda-desalojo-maipu,0,4,0%,7.5
https://legalhelp.cl/p/denuncia-ruidos-molestos-vecinos-coquimbo,0,4,0%,7.5
https://legalhelp.cl/p/poder-notarial-temuco,0,4,0%,7.5
https://legalhelp.cl/p/denuncia-ruidos-molestos-vecinos-puerto-montt,0,4,0%,7.75
https://legalhelp.cl/p/denuncia-ruidos-molestos-vecinos-san-miguel,0,4,0%,7.75
https://legalhelp.cl/p/certificado-de-antecedentes-para-fines-especiales-iquique,0,4,0%,8.25
https://legalhelp.cl/p/denuncia-ruidos-molestos-vecinos-lo-barnechea,0,4,0%,8.5
https://legalhelp.cl/p/certificado-de-antecedentes-para-fines-especiales-puerto-montt,0,4,0%,8.75
https://legalhelp.cl/p/declaracion-jurada-domicilio-valparaiso,0,4,0%,8.75
https://legalhelp.cl/p/denuncia-ruidos-molestos-vecinos-colina,0,4,0%,9
https://legalhelp.cl/p/eliminacion-de-antecedentes-penales-los-angeles,0,4,0%,9.25
https://legalhelp.cl/p/declaracion-jurada-domicilio-san-bernardo,0,4,0%,11.25
https://legalhelp.cl/p/alzamiento-de-embargo-sobre-vehiculo,0,4,0%,12.75
https://legalhelp.cl/p/prescripcion-deuda-bancaria-maipu,0,4,0%,12.75
https://legalhelp.cl/p/prescripcion-deuda-tag,0,4,0%,13.25
https://legalhelp.cl/p/mandato-especial-santiago-centro,0,4,0%,21.75
https://legalhelp.cl/p/certificado-de-antecedentes-para-fines-especiales-la-serena,0,4,0%,22
https://legalhelp.cl/p/poder-simple-nunoa,0,4,0%,29.25
https://legalhelp.cl/p/prescripcion-deuda-bancaria-puente-alto,0,4,0%,33
https://legalhelp.cl/p/carta-amonestacion-laboral-penalolen,0,4,0%,39.75
https://legalhelp.cl/p/prescripcion-deuda-tag-estacion-central,0,4,0%,48.5
https://legalhelp.cl/p/limpieza-de-hoja-de-vida-del-conductor-temuco,0,4,0%,50
https://legalhelp.cl/p/prescripcion-deuda-tag-maipu,0,4,0%,52.5
https://legalhelp.cl/p/poder-simple-notarial,0,4,0%,56.5
https://legalhelp.cl/p/denuncia-acoso-laboral,0,4,0%,60.5
https://legalhelp.cl/p/carta-renuncia-laboral-temuco,0,4,0%,61.5
https://legalhelp.cl/p/carta-reclamo-sernac,0,4,0%,69.75
https://legalhelp.cl/p/prescripcion-deuda-tag-curico,0,4,0%,82
https://legalhelp.cl/p/poder-notarial-iquique,0,4,0%,84
https://legalhelp.cl/p/denuncia-ruidos-molestos-vecinos,0,4,0%,87.5
https://legalhelp.cl/p/posesion-efectiva-antofagasta,0,4,0%,88.5
http://www.legalhelp.cl/,0,3,0%,1
https://legalhelp.cl/p/contrato-trabajo-part-time-temuco,0,3,0%,2.33
https://legalhelp.cl/p/contrato-trabajo-plazo-fijo-valdivia,0,3,0%,3
https://legalhelp.cl/p/recurso-apelacion-juzgado-policia-local,0,3,0%,4
https://legalhelp.cl/p/testamento,0,3,0%,4
https://legalhelp.cl/p/denuncia-ruidos-molestos-vecinos-curico,0,3,0%,4.33
https://legalhelp.cl/p/recurso-proteccion-las-condes,0,3,0%,4.67
https://legalhelp.cl/p/finiquito-laboral-talcahuano,0,3,0%,5
https://legalhelp.cl/p/pagare-plazo,0,3,0%,5
https://legalhelp.cl/p/pagare-santiago-centro,0,3,0%,5
https://legalhelp.cl/p/escrito-prescripcion-multa-transito-colina,0,3,0%,5.33
https://legalhelp.cl/p/escrito-prescripcion-multa-transito-quilicura,0,3,0%,5.33
https://legalhelp.cl/p/mandato-especial-valparaiso,0,3,0%,5.33
https://legalhelp.cl/p/contrato-freelance-penalolen,0,3,0%,5.67
https://legalhelp.cl/p/demanda-alimentos-santiago,0,3,0%,5.67
https://legalhelp.cl/p/demanda-desalojo-concepcion,0,3,0%,5.67
https://legalhelp.cl/p/carta-despido,0,3,0%,6
https://legalhelp.cl/p/contrato-arriendo-casa-arica,0,3,0%,6
https://legalhelp.cl/p/denuncia-maltrato-animal-calama,0,3,0%,6
https://legalhelp.cl/p/prescripcion-deuda-tag-renca,0,3,0%,6
https://legalhelp.cl/p/finiquito-laboral-lampa,0,3,0%,6.33
https://legalhelp.cl/p/declaracion-jurada-ingresos-vitacura,0,3,0%,7
https://legalhelp.cl/p/prescripcion-de-multas-de-transito-puerto-montt,0,3,0%,7
https://legalhelp.cl/p/demanda-alimentos-concepcion,0,3,0%,7.33
https://legalhelp.cl/p/denuncia-ruidos-molestos-vecinos-el-bosque,0,3,0%,7.33
https://legalhelp.cl/p/prescripcion-de-multas-de-transito-nunoa,0,3,0%,7.33
https://legalhelp.cl/p/denuncia-maltrato-animal-lo-barnechea,0,3,0%,7.67
https://legalhelp.cl/p/denuncia-ruidos-molestos-vecinos-recoleta,0,3,0%,7.67
https://legalhelp.cl/p/escrito-prescripcion-multa-transito-san-bernardo,0,3,0%,8
https://legalhelp.cl/p/mediacion-familiar,0,3,0%,8
https://legalhelp.cl/p/poder-notarial-vina-del-mar,0,3,0%,8
https://legalhelp.cl/p/carta-reclamo-sernac-providencia,0,3,0%,8.67
https://legalhelp.cl/p/denuncia-maltrato-animal-iquique,0,3,0%,8.67
https://legalhelp.cl/p/eliminacion-de-antecedentes-penales-rancagua,0,3,0%,8.67
https://legalhelp.cl/p/denuncia-maltrato-animal-puerto-montt,0,3,0%,9
https://legalhelp.cl/p/escrito-impugnacion-multa-municipalidad-estacion-central,0,3,0%,9
https://legalhelp.cl/p/finiquito-laboral-calama,0,3,0%,9
https://legalhelp.cl/p/solicitud-visitas-reguladas-concepcion,0,3,0%,9
https://legalhelp.cl/p/poder-notarial-san-bernardo,0,3,0%,9.33
https://legalhelp.cl/p/contrato-compraventa-vehiculo-renca,0,3,0%,10
https://legalhelp.cl/p/finiquito-laboral-la-florida,0,3,0%,10.67
https://legalhelp.cl/p/denuncia-maltrato-animal-temuco,0,3,0%,11
https://legalhelp.cl/p/carta-reclamo-telecomunicaciones-copiapo,0,3,0%,11.33
https://legalhelp.cl/p/declaracion-jurada-domicilio-quilicura,0,3,0%,13
https://legalhelp.cl/p/escrito-prescripcion-multa-transito,0,3,0%,18.67
https://legalhelp.cl/p/contrato-compraventa-vehiculo-vitacura,0,3,0%,21.33
https://legalhelp.cl/p/certificado-de-antecedentes-para-fines-especiales-puente-alto,0,3,0%,24.67
https://legalhelp.cl/p/limpieza-de-hoja-de-vida-del-conductor-valparaiso,0,3,0%,26.67
https://legalhelp.cl/p/carta-renuncia-laboral-concepcion,0,3,0%,30
https://legalhelp.cl/p/poder-simple-rancagua,0,3,0%,34.33
https://legalhelp.cl/p/prescripcion-deuda-tag-colina,0,3,0%,34.33
https://legalhelp.cl/p/poder-notarial-la-florida,0,3,0%,40.67
https://legalhelp.cl/p/denuncia-maltrato-animal,0,3,0%,46
https://legalhelp.cl/p/declaracion-jurada-ingresos,0,3,0%,49
https://legalhelp.cl/p/certificado-de-antecedentes-para-fines-especiales-calama,0,3,0%,50.33
https://legalhelp.cl/p/prescripcion-deuda-tag-independencia,0,3,0%,50.33
https://legalhelp.cl/p/certificado-de-antecedentes-para-fines-especiales-rancagua,0,3,0%,52.33
https://legalhelp.cl/p/solicitud-visitas-reguladas-santiago-centro,0,3,0%,55
https://legalhelp.cl/p/prescripcion-deuda-tag-san-antonio,0,3,0%,55.33
https://legalhelp.cl/p/prescripcion-deuda-tag-chillan,0,3,0%,60.67
https://legalhelp.cl/p/prescripcion-deuda-tag-arica,0,3,0%,66.67
https://legalhelp.cl/p/denuncia-despido-injustificado-santiago,0,3,0%,87.67
https://legalhelp.cl/p/contrato-arriendo-casa,0,3,0%,89
https://legalhelp.cl/p/prescripcion-deuda-tag-talcahuano,0,3,0%,109.33
https://legalhelp.cl/p/prescripcion-deuda-tag-la-serena,0,3,0%,110.33
https://legalhelp.cl/p/demanda-alimentos-puente-alto,0,2,0%,3.5
https://legalhelp.cl/p/pagare-calama,0,2,0%,3.5
https://legalhelp.cl/p/contrato-freelance-los-angeles,0,2,0%,4
https://legalhelp.cl/p/escrito-prescripcion-multa-transito-los-angeles,0,2,0%,4
https://legalhelp.cl/p/escrito-prescripcion-multa-transito-penalolen,0,2,0%,4
https://legalhelp.cl/p/prescripcion-deuda-tag-lo-barnechea,0,2,0%,4
https://legalhelp.cl/p/convenio-regulacion-divorcio-los-angeles,0,2,0%,4.5
https://legalhelp.cl/p/denuncia-maltrato-animal-la-florida,0,2,0%,5
https://legalhelp.cl/p/contrato-arriendo-departamento-temuco,0,2,0%,5.5
https://legalhelp.cl/p/declaracion-jurada-ingresos-quilpue,0,2,0%,5.5
https://legalhelp.cl/p/escrito-prescripcion-multa-transito-quinta-normal,0,2,0%,5.5
https://legalhelp.cl/p/pagare-nunoa,0,2,0%,5.5
https://legalhelp.cl/p/poder-para-vender-vehiculo-arica,0,2,0%,5.5
https://legalhelp.cl/p/declaracion-jurada-simple-arica,0,2,0%,6
https://legalhelp.cl/p/escrito-prescripcion-multa-transito-providencia,0,2,0%,6
https://legalhelp.cl/p/prescripcion-de-multas-de-transito-vina-del-mar,0,2,0%,6
https://legalhelp.cl/p/recurso-apelacion-juzgado-policia-local-puerto-montt,0,2,0%,6
https://legalhelp.cl/p/alzamiento-de-embargo-sobre-vehiculo-temuco,0,2,0%,6.5
https://legalhelp.cl/p/escrito-prescripcion-multa-transito-puente-alto,0,2,0%,6.5
https://legalhelp.cl/p/pagare-chillan,0,2,0%,6.5
https://legalhelp.cl/p/prescripcion-deuda-tag-los-angeles,0,2,0%,6.5
https://legalhelp.cl/p/carta-prescripcion-deuda-general-santiago,0,2,0%,7
https://legalhelp.cl/p/contrato-compraventa-vehiculo-quilicura,0,2,0%,7
https://legalhelp.cl/p/escrito-impugnacion-multa-municipalidad-vitacura,0,2,0%,7
https://legalhelp.cl/p/recurso-apelacion-juzgado-policia-local-las-condes,0,2,0%,7
https://legalhelp.cl/p/convenio-regulacion-divorcio-pudahuel,0,2,0%,7.5
https://legalhelp.cl/p/declaracion-jurada-domicilio-puerto-montt,0,2,0%,7.5
https://legalhelp.cl/p/denuncia-maltrato-animal-talca,0,2,0%,7.5
https://legalhelp.cl/p/denuncia-no-pago-cotizaciones-santiago,0,2,0%,7.5
https://legalhelp.cl/p/prescripcion-de-multas-de-transito-copiapo,0,2,0%,7.5
https://legalhelp.cl/p/prescripcion-de-multas-de-transito-la-florida,0,2,0%,7.5
https://legalhelp.cl/p/prescripcion-de-multas-de-transito-talca,0,2,0%,7.5
https://legalhelp.cl/p/carta-cobranza-deuda-santiago-centro,0,2,0%,8
https://legalhelp.cl/p/declaracion-jurada-ingresos-antofagasta,0,2,0%,8
https://legalhelp.cl/p/declaracion-jurada-simple-concepcion,0,2,0%,8
https://legalhelp.cl/p/prescripcion-deuda-alimentos,0,2,0%,8
https://legalhelp.cl/p/recurso-apelacion-juzgado-policia-local-santiago,0,2,0%,8
https://legalhelp.cl/p/acuerdo-tuicion-compartida-santiago,0,2,0%,8.5
https://legalhelp.cl/p/declaracion-jurada-simple-providencia,0,2,0%,8.5
https://legalhelp.cl/p/prescripcion-de-multas-de-transito-puente-alto,0,2,0%,8.5
https://legalhelp.cl/p/promesa-compraventa-inmueble-punta-arenas,0,2,0%,8.5
https://legalhelp.cl/p/declaracion-jurada-ingresos-las-condes,0,2,0%,9
https://legalhelp.cl/p/demanda-alimentos-temuco,0,2,0%,9
https://legalhelp.cl/p/pagare-lampa,0,2,0%,9
https://legalhelp.cl/p/poder-para-tramites-bancarios,0,2,0%,9
https://legalhelp.cl/p/contrato-compraventa-bien-mueble,0,2,0%,9.5
https://legalhelp.cl/p/demanda-desalojo-puente-alto,0,2,0%,9.5
https://legalhelp.cl/p/denuncia-maltrato-animal-rancagua,0,2,0%,9.5
https://legalhelp.cl/p/finiquito-laboral-concepcion,0,2,0%,9.5
https://legalhelp.cl/p/finiquito-laboral-valdivia,0,2,0%,9.5
https://legalhelp.cl/p/contrato-subarriendo-lampa,0,2,0%,10
https://legalhelp.cl/p/declaracion-jurada-domicilio-quilpue,0,2,0%,10
https://legalhelp.cl/p/eliminacion-de-antecedentes-penales-punta-arenas,0,2,0%,10
https://legalhelp.cl/p/escrito-prescripcion-multa-transito-la-serena,0,2,0%,10
https://legalhelp.cl/p/finiquito-laboral-antofagasta,0,2,0%,10
https://legalhelp.cl/p/limpieza-de-hoja-de-vida-del-conductor-san-bernardo,0,2,0%,10
https://legalhelp.cl/p/demanda-desalojo,0,2,0%,10.5
https://legalhelp.cl/p/demanda-desalojo-las-condes,0,2,0%,10.5
https://legalhelp.cl/p/denuncia-maltrato-animal-curico,0,2,0%,10.5
https://legalhelp.cl/p/convenio-regulacion-divorcio-san-bernardo,0,2,0%,11
https://legalhelp.cl/p/denuncia-maltrato-animal-copiapo,0,2,0%,11
https://legalhelp.cl/p/denuncia-ruidos-molestos-vecinos-iquique,0,2,0%,11
https://legalhelp.cl/p/denuncia-ruidos-molestos-vecinos-valparaiso,0,2,0%,11
https://legalhelp.cl/p/escrito-prescripcion-multa-transito-lo-barnechea,0,2,0%,11
https://legalhelp.cl/p/solicitud-visitas-reguladas-vina-del-mar,0,2,0%,11
https://legalhelp.cl/p/declaracion-jurada-domicilio-providencia,0,2,0%,11.5
https://legalhelp.cl/p/contrato-trabajo-obra-faena-vitacura,0,2,0%,12
https://legalhelp.cl/p/poder-notarial-estacion-central,0,2,0%,12
https://legalhelp.cl/p/recurso-apelacion-juzgado-policia-local-colina,0,2,0%,12.5
https://legalhelp.cl/p/contrato-compraventa-vehiculo-curico,0,2,0%,13
https://legalhelp.cl/p/demanda-alimentos-las-condes,0,2,0%,16
https://legalhelp.cl/p/prescripcion-de-multas-de-transito,0,2,0%,26
https://legalhelp.cl/p/prescripcion-deuda-tag-el-bosque,0,2,0%,27.5
https://legalhelp.cl/p/demanda-accidente-danos-materiales,0,2,0%,28
https://legalhelp.cl/p/mandato-especial-concepcion,0,2,0%,39
https://legalhelp.cl/p/limpieza-de-hoja-de-vida-del-conductor-concepcion,0,2,0%,41
https://legalhelp.cl/p/convenio-regulacion-divorcio-quilpue,0,2,0%,41.5
https://legalhelp.cl/p/limpieza-de-hoja-de-vida-del-conductor-coquimbo,0,2,0%,41.5
https://legalhelp.cl/p/poder-notarial-puerto-montt,0,2,0%,43.5
https://legalhelp.cl/p/prescripcion-deuda-tag-providencia,0,2,0%,48.5
https://legalhelp.cl/p/convenio-regulacion-divorcio-nunoa,0,2,0%,49
https://legalhelp.cl/p/poder-simple-curico,0,2,0%,49.5
https://legalhelp.cl/p/solicitud-alzamiento-protesto-copiapo,0,2,0%,49.5
https://legalhelp.cl/p/carta-reclamo-telecomunicaciones,0,2,0%,50
https://legalhelp.cl/p/solicitud-visitas-reguladas-santiago,0,2,0%,50
https://legalhelp.cl/p/carta-reclamo-banco-las-condes,0,2,0%,50.5
https://legalhelp.cl/p/certificado-de-antecedentes-para-fines-especiales-osorno,0,2,0%,50.5
https://legalhelp.cl/p/mandato-especial,0,2,0%,51
https://legalhelp.cl/p/carta-termino-contrato-arriendo,0,2,0%,52
https://legalhelp.cl/p/promesa-compraventa-inmueble-valdivia,0,2,0%,54.5
https://legalhelp.cl/p/mandato-especial-independencia,0,2,0%,57
https://legalhelp.cl/p/prescripcion-deuda-tag-vina-del-mar,0,2,0%,61
https://legalhelp.cl/p/contrato-trabajo-obra-faena,0,2,0%,63.5
https://legalhelp.cl/p/declaracion-jurada-simple,0,2,0%,71
https://legalhelp.cl/p/prescripcion-deuda-tag-concepcion,0,2,0%,71
https://legalhelp.cl/p/carta-renuncia-laboral-santiago-centro,0,2,0%,74
https://legalhelp.cl/p/denuncia-despido-injustificado-concepcion,0,2,0%,76
https://legalhelp.cl/p/poder-notarial-los-angeles,0,2,0%,76
https://legalhelp.cl/p/prescripcion-deuda-tag-rancagua,0,2,0%,76
https://legalhelp.cl/p/carta-renuncia-laboral-nunoa,0,2,0%,80
https://legalhelp.cl/p/contrato-arriendo-departamento,0,2,0%,86.5
https://legalhelp.cl/p/convenio-regulacion-divorcio-concepcion,0,2,0%,87.5
https://legalhelp.cl/p/poder-simple-santiago-centro,0,2,0%,87.5
https://legalhelp.cl/p/demanda-de-alimentos,0,2,0%,90.5
https://legalhelp.cl/p/demanda-alimentos,0,2,0%,91
https://legalhelp.cl/p/poder-simple-valparaiso,0,2,0%,91
https://legalhelp.cl/p/contrato-compraventa-vehiculo,0,2,0%,92.5
https://legalhelp.cl/p/prescripcion-deuda-tag-nunoa,0,2,0%,114
https://legalhelp.cl/p/carta-termino-contrato-arriendo-penalolen,0,1,0%,1
https://legalhelp.cl/p/contrato-trabajo-part-time-las-condes,0,1,0%,1
https://legalhelp.cl/p/contrato-trabajo-part-time-recoleta,0,1,0%,1
https://legalhelp.cl/p/contrato-trabajo-teletrabajo-quilicura,0,1,0%,1
https://legalhelp.cl/p/prescripcion-deuda-tag-osorno,0,1,0%,1
https://legalhelp.cl/p/anexo-contrato-trabajo-sueldo-colina,0,1,0%,2
https://legalhelp.cl/p/carta-prescripcion-deuda-general-osorno,0,1,0%,2
https://legalhelp.cl/p/carta-reclamo-banco-arica,0,1,0%,2
https://legalhelp.cl/p/carta-reclamo-sernac-valparaiso,0,1,0%,2
https://legalhelp.cl/p/contrato-arriendo-casa-penalolen,0,1,0%,2
https://legalhelp.cl/p/contrato-de-mutuo-valparaiso,0,1,0%,2
https://legalhelp.cl/p/contrato-subarriendo-puente-alto,0,1,0%,2
https://legalhelp.cl/p/contrato-trabajo-indefinido-quilpue,0,1,0%,2
https://legalhelp.cl/p/declaracion-jurada-ingresos-rancagua,0,1,0%,2
https://legalhelp.cl/p/declaracion-jurada-simple-renca,0,1,0%,2
https://legalhelp.cl/p/denuncia-ruidos-molestos-vecinos-concepcion,0,1,0%,2
https://legalhelp.cl/p/escrito-impugnacion-multa-municipalidad-quilpue,0,1,0%,2
https://legalhelp.cl/p/recurso-apelacion-juzgado-policia-local-quinta-normal,0,1,0%,2
https://legalhelp.cl/p/testamento-olografo,0,1,0%,2
https://legalhelp.cl/p/carta-prescripcion-deuda-general-san-bernardo,0,1,0%,3
https://legalhelp.cl/p/certificado-de-antecedentes-para-fines-especiales-talca,0,1,0%,3
https://legalhelp.cl/p/como-redactar-contrato,0,1,0%,3
https://legalhelp.cl/p/contrato-arriendo-casa-lo-barnechea,0,1,0%,3
https://legalhelp.cl/p/contrato-compraventa-vehiculo-antofagasta,0,1,0%,3
https://legalhelp.cl/p/contrato-trabajo-indefinido-maipu,0,1,0%,3
https://legalhelp.cl/p/contrato-trabajo-plazo-fijo-concepcion,0,1,0%,3
https://legalhelp.cl/p/denuncia-ruidos-molestos-vecinos-cerro-navia,0,1,0%,3
https://legalhelp.cl/p/denuncia-ruidos-molestos-vecinos-nunoa,0,1,0%,3
https://legalhelp.cl/p/escrito-impugnacion-multa-municipalidad-quinta-normal,0,1,0%,3
https://legalhelp.cl/p/escrito-prescripcion-multa-transito-copiapo,0,1,0%,3
https://legalhelp.cl/p/pagare-los-angeles,0,1,0%,3
https://legalhelp.cl/p/pagare-simple,0,1,0%,3
https://legalhelp.cl/p/prescripcion-de-multas-de-transito-iquique,0,1,0%,3
https://legalhelp.cl/p/prescripcion-deuda-bancaria-estacion-central,0,1,0%,3
https://legalhelp.cl/p/carta-renuncia-laboral-independencia,0,1,0%,4
https://legalhelp.cl/p/carta-renuncia-laboral-iquique,0,1,0%,4
https://legalhelp.cl/p/declaracion-jurada-domicilio-arica,0,1,0%,4
https://legalhelp.cl/p/declaracion-jurada-simple-maipu,0,1,0%,4
https://legalhelp.cl/p/demanda-dano-moral-derechos,0,1,0%,4
https://legalhelp.cl/p/escrito-prescripcion-multa-transito-quilpue,0,1,0%,4
https://legalhelp.cl/p/escrito-prescripcion-multa-transito-vitacura,0,1,0%,4
https://legalhelp.cl/p/finiquito-laboral-providencia,0,1,0%,4
https://legalhelp.cl/p/finiquito-laboral-quinta-normal,0,1,0%,4
https://legalhelp.cl/p/limpieza-de-hoja-de-vida-del-conductor-la-serena,0,1,0%,4
https://legalhelp.cl/p/poder-notarial,0,1,0%,4
https://legalhelp.cl/p/poder-para-cobrar-finiquito-la-florida,0,1,0%,4
https://legalhelp.cl/p/poder-simple-calama,0,1,0%,4
https://legalhelp.cl/p/promesa-compraventa-inmueble-lampa,0,1,0%,4
https://legalhelp.cl/p/acuerdo-divorcio-mutuo-acuerdo-copiapo,0,1,0%,5
https://legalhelp.cl/p/acuerdo-pago-deuda-santiago,0,1,0%,5
https://legalhelp.cl/p/alzamiento-de-embargo-sobre-vehiculo-iquique,0,1,0%,5
https://legalhelp.cl/p/alzamiento-de-embargo-sobre-vehiculo-santiago,0,1,0%,5
https://legalhelp.cl/p/carta-cobranza-deuda,0,1,0%,5
https://legalhelp.cl/p/carta-renuncia-laboral-recoleta,0,1,0%,5
https://legalhelp.cl/p/carta-termino-contrato-arriendo-providencia,0,1,0%,5
https://legalhelp.cl/p/constitucion-spa-aportes,0,1,0%,5
https://legalhelp.cl/p/contrato-arriendo-casa-iquique,0,1,0%,5
https://legalhelp.cl/p/contrato-arriendo-casa-valdivia,0,1,0%,5
https://legalhelp.cl/p/contrato-arriendo-local-comercial-los-angeles,0,1,0%,5
https://legalhelp.cl/p/contrato-compraventa-vehiculo-quilpue,0,1,0%,5
https://legalhelp.cl/p/contrato-de-mutuo-maipu,0,1,0%,5
https://legalhelp.cl/p/contrato-prestacion-servicios-honorarios-estacion-central,0,1,0%,5
https://legalhelp.cl/p/contrato-trabajo-obra-faena-puerto-montt,0,1,0%,5
https://legalhelp.cl/p/declaracion-jurada-ingresos-arica,0,1,0%,5
https://legalhelp.cl/p/declaracion-jurada-simple-talcahuano,0,1,0%,5
https://legalhelp.cl/p/denuncia-maltrato-animal-los-angeles,0,1,0%,5
https://legalhelp.cl/p/denuncia-maltrato-animal-vina-del-mar,0,1,0%,5
https://legalhelp.cl/p/denuncia-ruidos-molestos-vecinos-san-antonio,0,1,0%,5
https://legalhelp.cl/p/mandato-especial-quinta-normal,0,1,0%,5
https://legalhelp.cl/p/poder-notarial-arica,0,1,0%,5
https://legalhelp.cl/p/poder-para-vender-vehiculo-quilicura,0,1,0%,5
https://legalhelp.cl/p/poder-simple-osorno,0,1,0%,5
https://legalhelp.cl/p/poder-simple-puente-alto,0,1,0%,5
https://legalhelp.cl/p/solicitud-visitas-reguladas-los-angeles,0,1,0%,5
https://legalhelp.cl/p/acuerdo-divorcio-mutuo-acuerdo-calama,0,1,0%,6
https://legalhelp.cl/p/carta-reclamo-tienda-retail-independencia,0,1,0%,6
https://legalhelp.cl/p/carta-renuncia-laboral-arica,0,1,0%,6
https://legalhelp.cl/p/carta-renuncia-laboral-curico,0,1,0%,6
https://legalhelp.cl/p/contrato-arriendo-departamento-lo-barnechea,0,1,0%,6
https://legalhelp.cl/p/contrato-arriendo-local-comercial-temuco,0,1,0%,6
https://legalhelp.cl/p/contrato-freelance-lo-barnechea,0,1,0%,6
https://legalhelp.cl/p/contrato-trabajo-part-time-valparaiso,0,1,0%,6
https://legalhelp.cl/p/contrato-trabajo-plazo-fijo-osorno,0,1,0%,6
https://legalhelp.cl/p/declaracion-jurada-ingresos-pudahuel,0,1,0%,6
https://legalhelp.cl/p/declaracion-jurada-ingresos-renca,0,1,0%,6
https://legalhelp.cl/p/denuncia-ruidos-molestos-vecinos-estacion-central,0,1,0%,6
https://legalhelp.cl/p/escrito-defensa-infraccion-transito-estacion-central,0,1,0%,6
https://legalhelp.cl/p/escrito-defensa-infraccion-transito-independencia,0,1,0%,6
https://legalhelp.cl/p/escrito-defensa-infraccion-transito-pudahuel,0,1,0%,6
https://legalhelp.cl/p/finiquito-laboral-talca,0,1,0%,6
https://legalhelp.cl/p/poder-notarial-curico,0,1,0%,6
https://legalhelp.cl/p/posesion-efectiva-talcahuano,0,1,0%,6
https://legalhelp.cl/p/carta-amonestacion-laboral-santiago,0,1,0%,7
https://legalhelp.cl/p/contrato-freelance-valparaiso,0,1,0%,7
https://legalhelp.cl/p/declaracion-jurada-domicilio-calama,0,1,0%,7
https://legalhelp.cl/p/declaracion-jurada-domicilio-la-serena,0,1,0%,7
https://legalhelp.cl/p/declaracion-jurada-domicilio-valdivia,0,1,0%,7
https://legalhelp.cl/p/declaracion-jurada-ingresos-la-serena,0,1,0%,7
https://legalhelp.cl/p/denuncia-maltrato-animal-las-condes,0,1,0%,7
https://legalhelp.cl/p/denuncia-maltrato-animal-pudahuel,0,1,0%,7
https://legalhelp.cl/p/denuncia-maltrato-animal-talcahuano,0,1,0%,7
https://legalhelp.cl/p/eliminacion-de-antecedentes-penales-providencia,0,1,0%,7
https://legalhelp.cl/p/escrito-impugnacion-multa-municipalidad-pudahuel,0,1,0%,7
https://legalhelp.cl/p/escrito-prescripcion-multa-transito-nunoa,0,1,0%,7
https://legalhelp.cl/p/escrito-prescripcion-multa-transito-renca,0,1,0%,7
https://legalhelp.cl/p/finiquito-laboral-copiapo,0,1,0%,7
https://legalhelp.cl/p/pagare-pudahuel,0,1,0%,7
https://legalhelp.cl/p/poder-simple-arica,0,1,0%,7
https://legalhelp.cl/p/alzamiento-de-embargo-sobre-vehiculo-antofagasta,0,1,0%,8
https://legalhelp.cl/p/carta-prescripcion-deuda-general-providencia,0,1,0%,8
https://legalhelp.cl/p/carta-reclamo-aerolinea-san-miguel,0,1,0%,8
https://legalhelp.cl/p/carta-reclamo-seguro-osorno,0,1,0%,8
https://legalhelp.cl/p/carta-recomendacion-laboral,0,1,0%,8
https://legalhelp.cl/p/carta-renuncia-laboral-antofagasta,0,1,0%,8
https://legalhelp.cl/p/contrato-arriendo-local-comercial-arica,0,1,0%,8
https://legalhelp.cl/p/contrato-prestacion-servicios-honorarios-penalolen,0,1,0%,8
https://legalhelp.cl/p/convenio-regulacion-divorcio-santiago-centro,0,1,0%,8
https://legalhelp.cl/p/declaracion-jurada-ingresos-la-florida,0,1,0%,8
https://legalhelp.cl/p/declaracion-jurada-simple-la-serena,0,1,0%,8
https://legalhelp.cl/p/declaracion-jurada-simple-puente-alto,0,1,0%,8
https://legalhelp.cl/p/denuncia-maltrato-animal-concepcion,0,1,0%,8
https://legalhelp.cl/p/denuncia-maltrato-animal-punta-arenas,0,1,0%,8
https://legalhelp.cl/p/denuncia-ruidos-molestos-vecinos-arica,0,1,0%,8
https://legalhelp.cl/p/denuncia-ruidos-molestos-vecinos-punta-arenas,0,1,0%,8
https://legalhelp.cl/p/escrito-defensa-infraccion-transito-curico,0,1,0%,8
https://legalhelp.cl/p/escrito-prescripcion-multa-transito-punta-arenas,0,1,0%,8
https://legalhelp.cl/p/pagare-talca,0,1,0%,8
https://legalhelp.cl/p/poder-notarial-osorno,0,1,0%,8
https://legalhelp.cl/p/poder-para-tramites-bancarios-valparaiso,0,1,0%,8
https://legalhelp.cl/p/poder-simple-quilicura,0,1,0%,8
https://legalhelp.cl/p/prescripcion-deuda-tag-cerro-navia,0,1,0%,8
https://legalhelp.cl/p/promesa-compraventa-inmueble-san-bernardo,0,1,0%,8
https://legalhelp.cl/p/carta-cobro-arriendo-impago-nunoa,0,1,0%,9
https://legalhelp.cl/p/carta-cobro-arriendo-impago-pudahuel,0,1,0%,9
https://legalhelp.cl/p/carta-prescripcion-deuda-general-santiago-centro,0,1,0%,9
https://legalhelp.cl/p/carta-reclamo-banco-los-angeles,0,1,0%,9
https://legalhelp.cl/p/carta-reclamo-telecomunicaciones-calama,0,1,0%,9
https://legalhelp.cl/p/carta-renuncia-laboral-chillan,0,1,0%,9
https://legalhelp.cl/p/contrato-arriendo-departamento-penalolen,0,1,0%,9
https://legalhelp.cl/p/contrato-compraventa-vehiculo-osorno,0,1,0%,9
https://legalhelp.cl/p/contrato-compraventa-vehiculo-padre-las-casas,0,1,0%,9
https://legalhelp.cl/p/contrato-trabajo-indefinido-punta-arenas,0,1,0%,9
https://legalhelp.cl/p/declaracion-jurada-domicilio-cerro-navia,0,1,0%,9
https://legalhelp.cl/p/declaracion-jurada-domicilio-puente-alto,0,1,0%,9
https://legalhelp.cl/p/declaracion-jurada-ingresos-san-bernardo,0,1,0%,9
https://legalhelp.cl/p/declaracion-jurada-simple-lo-barnechea,0,1,0%,9
https://legalhelp.cl/p/denuncia-acoso-laboral-sexual,0,1,0%,9
https://legalhelp.cl/p/denuncia-maltrato-animal-penalolen,0,1,0%,9
https://legalhelp.cl/p/denuncia-no-pago-cotizaciones-valparaiso,0,1,0%,9
https://legalhelp.cl/p/denuncia-ruidos-molestos-vecinos-los-angeles,0,1,0%,9
https://legalhelp.cl/p/denuncia-ruidos-molestos-vecinos-rancagua,0,1,0%,9
https://legalhelp.cl/p/eliminacion-de-antecedentes-penales-concepcion,0,1,0%,9
https://legalhelp.cl/p/finiquito-laboral-nunoa,0,1,0%,9
https://legalhelp.cl/p/limpieza-de-hoja-de-vida-del-conductor-providencia,0,1,0%,9
https://legalhelp.cl/p/mandato-especial-rancagua,0,1,0%,9
https://legalhelp.cl/p/prescripcion-deuda-tag-puente-alto,0,1,0%,9
https://legalhelp.cl/p/recurso-apelacion-juzgado-policia-local-valparaiso,0,1,0%,9
https://legalhelp.cl/p/carta-prescripcion-deuda-general-la-florida,0,1,0%,10
https://legalhelp.cl/p/carta-reclamo-banco-nunoa,0,1,0%,10
https://legalhelp.cl/p/carta-reclamo-isapre-talca,0,1,0%,10
https://legalhelp.cl/p/contrato-arriendo-local-comercial-la-serena,0,1,0%,10
https://legalhelp.cl/p/contrato-compraventa-vehiculo-cerro-navia,0,1,0%,10
https://legalhelp.cl/p/contrato-freelance-la-florida,0,1,0%,10
https://legalhelp.cl/p/contrato-trabajo-part-time-quinta-normal,0,1,0%,10
https://legalhelp.cl/p/contrato-trabajo-plazo-fijo-pudahuel,0,1,0%,10
https://legalhelp.cl/p/contrato-trabajo-teletrabajo-arica,0,1,0%,10
https://legalhelp.cl/p/contrato-trabajo-teletrabajo-penalolen,0,1,0%,10
https://legalhelp.cl/p/contrato-trabajo-teletrabajo-renca,0,1,0%,10
https://legalhelp.cl/p/declaracion-jurada-domicilio-maipu,0,1,0%,10
https://legalhelp.cl/p/declaracion-jurada-ingresos-independencia,0,1,0%,10
https://legalhelp.cl/p/declaracion-jurada-simple-vitacura,0,1,0%,10
https://legalhelp.cl/p/denuncia-maltrato-animal-chillan,0,1,0%,10
https://legalhelp.cl/p/denuncia-maltrato-animal-maipu,0,1,0%,10
https://legalhelp.cl/p/denuncia-maltrato-animal-san-bernardo,0,1,0%,10
https://legalhelp.cl/p/denuncia-ruidos-molestos-vecinos-vitacura,0,1,0%,10
https://legalhelp.cl/p/eliminacion-de-antecedentes-penales-las-condes,0,1,0%,10
https://legalhelp.cl/p/eliminacion-de-antecedentes-penales-valparaiso,0,1,0%,10
https://legalhelp.cl/p/escrito-defensa-infraccion-transito-copiapo,0,1,0%,10
https://legalhelp.cl/p/escrito-defensa-infraccion-transito-lo-barnechea,0,1,0%,10
https://legalhelp.cl/p/finiquito-laboral-punta-arenas,0,1,0%,10
https://legalhelp.cl/p/finiquito-laboral-santiago-centro,0,1,0%,10
https://legalhelp.cl/p/limpieza-de-hoja-de-vida-del-conductor-calama,0,1,0%,10
https://legalhelp.cl/p/omision-de-antecedentes-por-violencia-intrafamiliar-temuco,0,1,0%,10
https://legalhelp.cl/p/omision-de-antecedentes-por-violencia-intrafamiliar-valparaiso,0,1,0%,10
https://legalhelp.cl/p/pagare-independencia,0,1,0%,10
https://legalhelp.cl/p/posesion-efectiva-vina-del-mar,0,1,0%,10
https://legalhelp.cl/p/prescripcion-deuda-tag-san-bernardo,0,1,0%,10
https://legalhelp.cl/p/recurso-apelacion-juzgado-policia-local-cerro-navia,0,1,0%,10
https://legalhelp.cl/p/alzamiento-de-embargo-sobre-vehiculo-providencia,0,1,0%,11
https://legalhelp.cl/p/carta-amonestacion-laboral-quinta-normal,0,1,0%,11
https://legalhelp.cl/p/carta-cobranza-deuda-san-bernardo,0,1,0%,11
https://legalhelp.cl/p/carta-cobro-arriendo-impago-san-miguel,0,1,0%,11
https://legalhelp.cl/p/carta-reclamo-banco-la-serena,0,1,0%,11
https://legalhelp.cl/p/carta-reclamo-seguro-punta-arenas,0,1,0%,11
https://legalhelp.cl/p/carta-reclamo-telecomunicaciones-rancagua,0,1,0%,11
https://legalhelp.cl/p/carta-renuncia-laboral-santiago,0,1,0%,11
https://legalhelp.cl/p/contrato-compraventa-vehiculo-arica,0,1,0%,11
https://legalhelp.cl/p/contrato-trabajo-indefinido-iquique,0,1,0%,11
https://legalhelp.cl/p/contrato-trabajo-indefinido-quinta-normal,0,1,0%,11
https://legalhelp.cl/p/contrato-trabajo-teletrabajo,0,1,0%,11
https://legalhelp.cl/p/contrato-trabajo-teletrabajo-colina,0,1,0%,11
https://legalhelp.cl/p/declaracion-jurada-domicilio,0,1,0%,11
https://legalhelp.cl/p/denuncia-maltrato-animal-lampa,0,1,0%,11
https://legalhelp.cl/p/denuncia-ruidos-molestos-vecinos-talca,0,1,0%,11
https://legalhelp.cl/p/eliminacion-de-antecedentes-penales-la-serena,0,1,0%,11
https://legalhelp.cl/p/escrito-defensa-infraccion-transito-iquique,0,1,0%,11
https://legalhelp.cl/p/escrito-prescripcion-multa-transito-antofagasta,0,1,0%,11
https://legalhelp.cl/p/finiquito-laboral-chillan,0,1,0%,11
https://legalhelp.cl/p/mandato-especial-los-angeles,0,1,0%,11
https://legalhelp.cl/p/poder-para-cobrar-finiquito-talca,0,1,0%,11
https://legalhelp.cl/p/poder-para-tramites-bancarios-puente-alto,0,1,0%,11
https://legalhelp.cl/p/poder-para-vender-vehiculo-padre-las-casas,0,1,0%,11
https://legalhelp.cl/p/prescripcion-de-multas-de-transito-chillan,0,1,0%,11
https://legalhelp.cl/p/prescripcion-de-multas-de-transito-concepcion,0,1,0%,11
https://legalhelp.cl/p/prescripcion-deuda-tag-puerto-montt,0,1,0%,11
https://legalhelp.cl/p/registro-nacional-de-deudores-de-pensiones-de-alimentos-calama,0,1,0%,11
https://legalhelp.cl/p/solicitud-visitas-reguladas,0,1,0%,11
https://legalhelp.cl/p/acuerdo-divorcio-mutuo-acuerdo-estacion-central,0,1,0%,12
https://legalhelp.cl/p/acuerdo-pago-deuda-independencia,0,1,0%,12
https://legalhelp.cl/p/carta-reclamo-banco-vina-del-mar,0,1,0%,12
https://legalhelp.cl/p/carta-reclamo-isapre-santiago,0,1,0%,12
https://legalhelp.cl/p/carta-renuncia-laboral-maipu,0,1,0%,12
https://legalhelp.cl/p/contrato-compraventa-vehiculo-nunoa,0,1,0%,12
https://legalhelp.cl/p/contrato-compraventa-vehiculo-temuco,0,1,0%,12
https://legalhelp.cl/p/convenio-regulacion-divorcio-quinta-normal,0,1,0%,12
https://legalhelp.cl/p/declaracion-jurada-domicilio-chillan,0,1,0%,12
https://legalhelp.cl/p/declaracion-jurada-domicilio-lampa,0,1,0%,12
https://legalhelp.cl/p/declaracion-jurada-domicilio-vitacura,0,1,0%,12
https://legalhelp.cl/p/denuncia-maltrato-animal-coquimbo,0,1,0%,12
https://legalhelp.cl/p/denuncia-maltrato-animal-quilpue,0,1,0%,12
https://legalhelp.cl/p/denuncia-ruidos-molestos-vecinos-puente-alto,0,1,0%,12
https://legalhelp.cl/p/denuncia-ruidos-molestos-vecinos-renca,0,1,0%,12
https://legalhelp.cl/p/finiquito-laboral-pudahuel,0,1,0%,12
https://legalhelp.cl/p/poder-para-vender-vehiculo-osorno,0,1,0%,12
https://legalhelp.cl/p/prescripcion-deuda-bancaria-pudahuel,0,1,0%,12
https://legalhelp.cl/p/promesa-compraventa-inmueble-cerro-navia,0,1,0%,12
https://legalhelp.cl/p/recurso-apelacion-juzgado-policia-local-padre-las-casas,0,1,0%,12
https://legalhelp.cl/p/recurso-apelacion-juzgado-policia-local-temuco,0,1,0%,12
https://legalhelp.cl/p/solicitud-visitas-reguladas-puerto-montt,0,1,0%,12
https://legalhelp.cl/p/acuerdo-tuicion-compartida-renca,0,1,0%,13
https://legalhelp.cl/p/contrato-compraventa-vehiculo-penalolen,0,1,0%,13
https://legalhelp.cl/p/demanda-de-desalojo-por-no-pago,0,1,0%,13
https://legalhelp.cl/p/acuerdo-tuicion-compartida-los-angeles,0,1,0%,14
https://legalhelp.cl/p/declaracion-jurada-simple-las-condes,0,1,0%,17
https://legalhelp.cl/p/pagare-colina,0,1,0%,18
https://legalhelp.cl/p/carta-cobranza-deuda-santiago,0,1,0%,19
https://legalhelp.cl/p/posesion-efectiva-santiago-centro,0,1,0%,24
https://legalhelp.cl/p/denuncia-no-pago-cotizaciones,0,1,0%,26
https://legalhelp.cl/p/poder-para-vender-vehiculo-vitacura,0,1,0%,29
https://legalhelp.cl/p/prescripcion-deuda-bancaria-penalolen,0,1,0%,29
https://legalhelp.cl/p/acuerdo-divorcio-mutuo-acuerdo-san-miguel,0,1,0%,35
https://legalhelp.cl/p/carta-reclamo-banco-concepcion,0,1,0%,37
https://legalhelp.cl/p/poder-para-cobrar-finiquito,0,1,0%,39
https://legalhelp.cl/p/solicitud-visitas-reguladas-padre-las-casas,0,1,0%,39
https://legalhelp.cl/p/acuerdo-divorcio-mutuo-acuerdo-santiago,0,1,0%,40
https://legalhelp.cl/p/poder-para-vender-vehiculo-nunoa,0,1,0%,40
https://legalhelp.cl/p/pagare-las-condes,0,1,0%,41
https://legalhelp.cl/p/solicitud-alzamiento-protesto-independencia,0,1,0%,44
https://legalhelp.cl/p/carta-reclamo-seguro-recoleta,0,1,0%,45
https://legalhelp.cl/p/contrato-trabajo-obra-faena-santiago-centro,0,1,0%,45
https://legalhelp.cl/p/escrito-defensa-infraccion-transito-puente-alto,0,1,0%,45
https://legalhelp.cl/p/recurso-apelacion-juzgado-policia-local-recoleta,0,1,0%,45
https://legalhelp.cl/p/carta-reclamo-seguro-los-angeles,0,1,0%,46
https://legalhelp.cl/p/declaracion-jurada-dependientes-nunoa,0,1,0%,46
https://legalhelp.cl/p/registro-nacional-de-deudores-de-pensiones-de-alimentos-los-angeles,0,1,0%,46
https://legalhelp.cl/p/convenio-regulacion-divorcio-penalolen,0,1,0%,47
https://legalhelp.cl/p/solicitud-visitas-reguladas-rancagua,0,1,0%,48
https://legalhelp.cl/p/carta-amonestacion-laboral-arica,0,1,0%,49
https://legalhelp.cl/p/carta-despido-vencimiento-plazo,0,1,0%,50
https://legalhelp.cl/p/declaracion-jurada-domicilio-independencia,0,1,0%,50
https://legalhelp.cl/p/carta-reclamo-banco-santiago-centro,0,1,0%,52
https://legalhelp.cl/p/carta-reclamo-isapre-san-antonio,0,1,0%,57
https://legalhelp.cl/p/certificado-de-antecedentes-para-fines-especiales-maipu,0,1,0%,57
https://legalhelp.cl/p/poder-notarial-quilpue,0,1,0%,58
https://legalhelp.cl/p/carta-reclamo-banco-valdivia,0,1,0%,59
https://legalhelp.cl/p/recurso-apelacion-juzgado-policia-local-calama,0,1,0%,60
https://legalhelp.cl/p/contrato-arriendo-casa-antofagasta,0,1,0%,62
https://legalhelp.cl/p/limpieza-de-hoja-de-vida-del-conductor-santiago,0,1,0%,62
https://legalhelp.cl/p/certificado-de-antecedentes-para-fines-especiales-san-bernardo,0,1,0%,64
https://legalhelp.cl/p/poder-notarial-penalolen,0,1,0%,68
https://legalhelp.cl/p/limpieza-de-hoja-de-vida-del-conductor-chillan,0,1,0%,69
https://legalhelp.cl/p/prescripcion-de-deuda-bancaria,0,1,0%,70
https://legalhelp.cl/p/carta-reclamo-aerolinea-talcahuano,0,1,0%,71
https://legalhelp.cl/p/limpieza-de-hoja-de-vida-del-conductor-vina-del-mar,0,1,0%,71
https://legalhelp.cl/p/solicitud-alzamiento-protesto-curico,0,1,0%,72
https://legalhelp.cl/p/carta-amonestacion-laboral-pudahuel,0,1,0%,74
https://legalhelp.cl/p/limpieza-de-hoja-de-vida-del-conductor-punta-arenas,0,1,0%,74
https://legalhelp.cl/p/contrato-trabajo-teletrabajo-nunoa,0,1,0%,75
https://legalhelp.cl/p/limpieza-de-hoja-de-vida-del-conductor-iquique,0,1,0%,75
https://legalhelp.cl/p/declaracion-jurada-domicilio-santiago,0,1,0%,76
https://legalhelp.cl/p/solicitud-alzamiento-protesto-santiago,0,1,0%,76
https://legalhelp.cl/p/carta-reclamo-telecomunicaciones-concepcion,0,1,0%,77
https://legalhelp.cl/p/limpieza-de-hoja-de-vida-del-conductor-copiapo,0,1,0%,77
https://legalhelp.cl/p/carta-reclamo-isapre-talcahuano,0,1,0%,78
https://legalhelp.cl/p/poder-notarial-las-condes,0,1,0%,78
https://legalhelp.cl/p/contrato-compraventa-vehiculo-talca,0,1,0%,79
https://legalhelp.cl/p/acuerdo-pago-deuda-rancagua,0,1,0%,80
https://legalhelp.cl/p/poder-para-vender-vehiculo-santiago-centro,0,1,0%,80
https://legalhelp.cl/p/prescripcion-deuda-tag-talca,0,1,0%,80
https://legalhelp.cl/p/carta-amonestacion-laboral-colina,0,1,0%,84
https://legalhelp.cl/p/mandato-especial-talca,0,1,0%,84
https://legalhelp.cl/p/poder-simple-antofagasta,0,1,0%,86
https://legalhelp.cl/p/carta-amonestacion-laboral-padre-las-casas,0,1,0%,88
https://legalhelp.cl/p/carta-reclamo-isapre-independencia,0,1,0%,88
https://legalhelp.cl/p/poder-simple-vina-del-mar,0,1,0%,88
https://legalhelp.cl/p/poder-simple-lampa,0,1,0%,89
https://legalhelp.cl/p/carta-amonestacion-laboral-santiago-centro,0,1,0%,90
https://legalhelp.cl/p/carta-amonestacion-laboral-providencia,0,1,0%,91
https://legalhelp.cl/p/denuncia-por-despido-injustificado,0,1,0%,91
https://legalhelp.cl/p/promesa-compraventa-inmueble-recoleta,0,1,0%,91
https://legalhelp.cl/p/mandato-especial-temuco,0,1,0%,92
https://legalhelp.cl/p/poder-simple-quinta-normal,0,1,0%,92
https://legalhelp.cl/p/carta-despido-incumplimiento-grave,0,1,0%,93
https://legalhelp.cl/p/poder-notarial-valparaiso,0,1,0%,93
https://legalhelp.cl/p/poder-simple-san-miguel,0,1,0%,93
https://legalhelp.cl/p/prescripcion-deuda-bancaria,0,1,0%,93
https://legalhelp.cl/p/carta-amonestacion-laboral-vina-del-mar,0,1,0%,94
https://legalhelp.cl/p/carta-reclamo-telecomunicaciones-talca,0,1,0%,94
https://legalhelp.cl/p/contrato-arriendo-casa-rancagua,0,1,0%,95
https://legalhelp.cl/p/carta-reclamo-banco-temuco,0,1,0%,96
https://legalhelp.cl/p/carta-amonestacion-laboral-estacion-central,0,1,0%,97
https://legalhelp.cl/p/solicitud-visitas-reguladas-quilicura,0,1,0%,97
https://legalhelp.cl/p/prescripcion-deuda-tag-san-miguel,0,1,0%,98
https://legalhelp.cl/p/carta-renuncia-laboral-lampa,0,1,0%,99
https://legalhelp.cl/p/acuerdo-pago-deuda-chillan,0,1,0%,100
https://legalhelp.cl/p/carta-amonestacion-laboral-concepcion,0,1,0%,100
https://legalhelp.cl/p/poder-para-vender-vehiculo-los-angeles,0,1,0%,158